{
    "mouseover": [
        {
            "selector": "#landlord #live2d",
            "text": [
                "四处走走，你会热爱这个世界",
                "口味最好杂一点，耳音要好一些，能多听懂几种方言。口味单调一点，耳音差一点，也还不要紧，最要紧的是对生活的兴趣要广一点。"
            ]
        },
        {
            "selector": ".reward-container",
            "text": [
                "是不小心点到的吗",
                "如果可以$$的话 嘻嘻"
            ]
        }
    ],
    "click": [
        {
            "selector": "#landlord #live2d",
            "text": [
                "我的原作者似乎来自德国哦",
                "你在我身上找什么呢",
                "呜呜呜（＞人＜；）",
                "再摸的话我可要报警了！⌇●﹏●⌇",
                "M！ O！ N！ A！"
            ]
        }
    ]
}
